,reviews,size,quality,battery,design,beam,price
0,this thing lights up the night sky! bought it for dog walks and hone security. it does more than the trick. everyone who sees it in action either laughs or is shocked.,,,,,this thing lights up the night sky!,
1,"I own three Streamlight weapon-mounted lights, as well as a Streamlight Super Tac handheld flashlight. I bought this because I needed a rechargeable light to carry on my dark morning runs in the Winter. This light looks and feels very well made. A side-by-side comparison against my other lights shows that this one is far brighter than them all. I consider this flashlight to be a good size and weight, even for my runs (I prefer a handheld light instead of a headlamp). The center of the beam is extremely bright and far reaching, and the spillover of the beam provides ample lighting to the sides of the road. I like the three intensity settings and the strobe feature, although I wish there was a very low setting for the brightness (even the lowest setting is blindingly bright). Additionally, the charger is very nice, and comes with an extra battery and a separate charging station for that extra battery. I couldn't be happier with this product. I'll be buying at least two more of these now that I've proven how great this light is.","I consider this flashlight to be a good size and weight, even for my runs (I prefer a handheld light instead of a headlamp).","I own three Streamlight weapon-mounted lights, as well as a Streamlight Super Tac handheld flashlight.This light looks and feels very well made.","I bought this because I needed a rechargeable light to carry on my dark morning runs in the Winter.Additionally, the charger is very nice, and comes with an extra battery and a separate charging station for that extra battery.","I like the three intensity settings and the strobe feature, although I wish there was a very low setting for the brightness (even the lowest setting is blindingly bright).","I own three Streamlight weapon-mounted lights, as well as a Streamlight Super Tac handheld flashlight.A side-by-side comparison against my other lights shows that this one is far brighter than them all.The center of the beam is extremely bright and far reaching, and the spillover of the beam provides ample lighting to the sides of the road.I like the three intensity settings and the strobe feature, although I wish there was a very low setting for the brightness (even the lowest setting is blindingly bright).",
2,"Great flashlight that is bright and lasts! First, I want to say that I own two of these! One is my personal one that I keep at the house and the other was issued to me by my Police Department. After being issued one of these and using it on the street, I bought one for myself at the house in case we needed it. It has three settings of power. One is very bright, middle, and low light. Depending on which you use, will depend on your battery life. The best thing about these lights are that they are rechargeable with an adapter that comes with it, which is very easy to use. I've had my flash lights for about 3 years now and feel 'naked' when I forget it in the car, that's how dependable I am of it! As far as quality and durability, it has a solid metal feel to it (not plastic at all). It's well balanced in the hand, and not to heavy, but not too light either.. I can usually go on a full charge for about a week or two, depending on how often I am using it. Plus I have a SureFire light for my belt, so sometimes I alternate between flashlights. But this is my go-to light when I need to locate something or blind the crap out of you (especially in strobe setting)! I highly recommend this light to anyone, you will not be displeased!","It's well balanced in the hand, and not to heavy, but not too light either..","As far as quality and durability, it has a solid metal feel to it (not plastic at all).It's well balanced in the hand, and not to heavy, but not too light either..","Depending on which you use, will depend on your battery life.The best thing about these lights are that they are rechargeable with an adapter that comes with it, which is very easy to use.I can usually go on a full charge for about a week or two, depending on how often I am using it.",It has three settings of power.But this is my go-to light when I need to locate something or blind the crap out of you (especially in strobe setting)!,"Great flashlight that is bright and lasts!It has three settings of power.One is very bright, middle, and low light.The best thing about these lights are that they are rechargeable with an adapter that comes with it, which is very easy to use.I've had my flash lights for about 3 years now and feel 'naked' when I forget it in the car, that's how dependable I am of it!As far as quality and durability, it has a solid metal feel to it (not plastic at all).",
3,"I bought mine back in 2012 with the piggyback charger. It is so bright that while testing it out the first night, shining down my dark street, an irate neighbor came stomping over complaining about it. LOL

I've used it out in the mountains at night for walking my dog, and it is amazing. Normally the highest setting is too bright to look at when shining at the ground. Piggyback charge is very nice, and of course the extra battery. I've never run the battery down, even on long hikes, but I do rotate them periodically to prolong life.

The only thing that keeps me from giving 5 stars is that bezel needs be hexagonal like a nut, so it won't accidentally roll off the counter or the like.",,,"Piggyback charge is very nice, and of course the extra battery.I've never run the battery down, even on long hikes, but I do rotate them periodically to prolong life.","Normally the highest setting is too bright to look at when shining at the ground.I've never run the battery down, even on long hikes, but I do rotate them periodically to prolong life.The only thing that keeps me from giving 5 stars is that bezel needs be hexagonal like a nut, so it won't accidentally roll off the counter or the like.","It is so bright that while testing it out the first night, shining down my dark street, an irate neighbor came stomping over complaining about it.Normally the highest setting is too bright to look at when shining at the ground.",
4,"I do home inspections and use my flashlight 5-6 days a week. I have used Maglights, Pelican and the Streamlights with a xenon bulb. This is the best flashlight I have ever owned!

The bright white light from the LED bulb is incredible, to say the least. I was blown away the first time I saw it. In attics and crawlspaces the light beam goes all the way to the other side.

For this particular model, I also love that it has two switches, the normal switch location near the bulb and the tail switch. You can use either one at any time.

If you have the comparable Streamlight Stinger with the xenon bulb, you can use the same charger, you don't need to buy another charger.

I absolutely love this flashlight! (I'm a home inspector, I get excited about about my ""toys/tools"")",,,,"For this particular model, I also love that it has two switches, the normal switch location near the bulb and the tail switch.","The bright white light from the LED bulb is incredible, to say the least.In attics and crawlspaces the light beam goes all the way to the other side.",
5,"I have been using stream light flashlights for years. Being a police officer, I learned to respect the quality of stream light flashlights. I‚Äôve used an HP and regular stinger rechargeable flashlight, From being used in harsh environments and being dropped during a confrontation, they always came back on when needed. When selecting replacement for my lost flashlight, I checked Streamlight website to make sure I had the right part number to order with a smart charger. When I receive this part number was right but it did not come with a smart charger. So beware if you are looking for her unit with a smart charger. I will be contacting stream light tomorrow to find out how this could be a mistake in their literature.",,"Being a police officer, I learned to respect the quality of stream light flashlights.","I‚Äôve used an HP and regular stinger rechargeable flashlight, From being used in harsh environments and being dropped during a confrontation, they always came back on when needed.",,,
6,Stream light is a fantastic flashlight! Worth every single penny! It can illuminate way farther and brighter than any other flashlight. We already have about three of them and my husband always likes coming for more. The quality of a stream light will make you throw all your other flashlights away. The battery life is great on it too. My husband can have it not charged for months using it as needed and it goes strong. Makes a fantastic present for a man in your life.,,The quality of a stream light will make you throw all your other flashlights away.,The battery life is great on it too.,,It can illuminate way farther and brighter than any other flashlight.The quality of a stream light will make you throw all your other flashlights away.,
7,"Streamlights are very high quality products, and this one is no exception. The Stinger DS LED HP seems about twice as bright as my older incandescent Stinger HP, and the battery charge is supposed to last twice as long. The deep reflector produces an intense focused beam that really reaches out (~150 Yards), but still has adequate spill for seeing close up. And like all metal Stingers the construction is just about bullet proof. Barrel diameter is 30mm which enables mounting on your long survival tool with a wide variety of mounts. Don't waste your time and money on small lights that don't throw a focused beam.",Don't waste your time and money on small lights that don't throw a focused beam.,"Streamlights are very high quality products, and this one is no exception.And like all metal Stingers the construction is just about bullet proof.","The Stinger DS LED HP seems about twice as bright as my older incandescent Stinger HP, and the battery charge is supposed to last twice as long.",,"The Stinger DS LED HP seems about twice as bright as my older incandescent Stinger HP, and the battery charge is supposed to last twice as long.The deep reflector produces an intense focused beam that really reaches out (~150 Yards), but still has adequate spill for seeing close up.Don't waste your time and money on small lights that don't throw a focused beam.",Don't waste your time and money on small lights that don't throw a focused beam.
8,"I am on my second light, they are amazing I guess is how to describe them. I lost my first one by leaving it on a plane I worked on. (Im an aircraft mechanic). They are really bright, I can see the top of the tail on a A330 or B767 no problem. They have 3 modes of dim to superbright. The two buttons are nice, one on the side, thats the one I use and the one in the back. I just dont use that one that often but its good to have. The battery last very long, and rechargable. I can probably have it on all day at work, I do 10 hr shifts. The best part of this, is the durability. The thing is unbreakable. I have dropped it from 20 ft and no problem pick it up and it works like new. I have many knicks dings and scratches, but the thing works great still! Its worth every penny!

CONS:
I think the button on the side tends to come out so you have to basically take it all apart to put it back in the correct position. Other then that there is no cons about this light.

Recommend:
Anyone that needs a flashlight that is super bright super durable and super reliable.
mechanics or law enforcement",,"The best part of this, is the durability.Recommend:
Anyone that needs a flashlight that is super bright super durable and super reliable.","The battery last very long, and rechargable.",They have 3 modes of dim to superbright.,"They are really bright, I can see the top of the tail on a A330 or B767 no problem.Recommend:
Anyone that needs a flashlight that is super bright super durable and super reliable.",
9,"Fantastic flashlight superbright! Well constructed perfect for my job that I use for eight hours a day, 5 days a week. My other one lasted me 7 years of long hard abuse. Best flash light forsure!",,"Well constructed perfect for my job that I use for eight hours a day, 5 days a week.","Well constructed perfect for my job that I use for eight hours a day, 5 days a week.",,,
10,"I try not to buy too much for work but the stuff they give us aren't always the best. However, I work midnight hours so I need a reliable and a great flashlight. When I bought this, I read the reviews and it had good ones, just like hundreds of those out there. What got me about this one is the distance of the light. It projects, farther than any flashlight in similar size as this one. Now, you can buy handheld spotlights which work great, but this is just as good and about a tenth of the weight and size. I usually charge it once per night and last about 3 to 3.5 hours of continuous use for me on high.. even though its rated about 2.5 hrs on high. The distance will go through a football field with good visibility lighting. overall, a great use of 115 bucks and definitely work it.","It projects, farther than any flashlight in similar size as this one.Now, you can buy handheld spotlights which work great, but this is just as good and about a tenth of the weight and size.",,"However, I work midnight hours so I need a reliable and a great flashlight.I usually charge it once per night and last about 3 to 3.5 hours of continuous use for me on high.. even though its rated about 2.5 hrs on high.",,"What got me about this one is the distance of the light.It projects, farther than any flashlight in similar size as this one.The distance will go through a football field with good visibility lighting.",
11,Lasted about 5 years through some abuse. The light isn't as bright as it used to be but it still works. Wished it was still as bright though. Charges has now become a little finicky too.,,,,,The light isn't as bright as it used to be but it still works.Wished it was still as bright though.,
12,Been using this light for a few months now and have no complaints yet. I will probably order a smaller bezel on my next light just so that it is a little more comfortable on a belt. Battery life is awesome and materials are proving to be durable. I will definitely be buying more streamligt stingers.,,Battery life is awesome and materials are proving to be durable.,Battery life is awesome and materials are proving to be durable.,I will probably order a smaller bezel on my next light just so that it is a little more comfortable on a belt.,,
13,"I bought this light to replace my old Streamlight UltraStinger. It was a great decision! The Stinger DS LED HP is brighter and more compact, plus the battery last longer. It is skinny enough to tuck under my arm without any discomfort and the strobe function is amazing. After using it on night shift the past few months, I haven't had any issues or complaints. Another Streamlight winner in my book!","The Stinger DS LED HP is brighter and more compact, plus the battery last longer.",,"The Stinger DS LED HP is brighter and more compact, plus the battery last longer.",It is skinny enough to tuck under my arm without any discomfort and the strobe function is amazing.,"The Stinger DS LED HP is brighter and more compact, plus the battery last longer.",
14,"After 12 years in law enforcement I only trust one brand of flashlight. That would be streamlight. This is by far the brightest light I've got so far. Easy to use, well made and goes further than the high beams on my car. If you're looking for a dependable, blinding light. This is the one.",,"Easy to use, well made and goes further than the high beams on my car.",,,This is by far the brightest light I've got so far.,
15,"This is a phenomninal flashlight. I've been a LONG time Maglite user ( everything from the 6D celled behemoth, to Mag's newest LED line ) and this Streamlight DS LED simply BLOWS THE MAGLITE AWAY ! Not only is it rechagerable ( a BIG plus IMO ), but it's also one of the lightest, most durbale, and brightest flashlights on the market. While it is a little pricy for a flashlight, if you use it on a daily basis, it's WELL worth it.","Not only is it rechagerable ( a BIG plus IMO ), but it's also one of the lightest, most durbale, and brightest flashlights on the market.","While it is a little pricy for a flashlight, if you use it on a daily basis, it's WELL worth it.",,,"I've been a LONG time Maglite user ( everything from the 6D celled behemoth, to Mag's newest LED line ) and this Streamlight DS LED simply BLOWS THE MAGLITE AWAY !","While it is a little pricy for a flashlight, if you use it on a daily basis, it's WELL worth it."
16,"Very impressed with the range of this light, it will light up objects out to 100 yrds in the dark with no issue. It also puts of a good flood light at the same time. It was definately designed more for spotting than flooding though. when looking at an object within a few feet it is almost too bright. know your needs and wants for the flashlight before purchasing. Construction is solid, switches work well and correctly, i charged it once and have now ran it several hours and have not plaved it back in the charger. I would recomend this light.",,"Construction is solid, switches work well and correctly, i charged it once and have now ran it several hours and have not plaved it back in the charger.","Construction is solid, switches work well and correctly, i charged it once and have now ran it several hours and have not plaved it back in the charger.",,"Very impressed with the range of this light, it will light up objects out to 100 yrds in the dark with no issue.It also puts of a good flood light at the same time.when looking at an object within a few feet it is almost too bright.",
17,"great quality, bright light",,"great quality, bright light",,,"great quality, bright light",
18,Excellent,,,,,,
19,Great flashlight.,,,,,,
20,The brightness is general.,,,,,The brightness is general.,
21,As with previous experience Streamlight delivers a quality product. The Stinger DS LED HP comes professionally packed to protect from damage. The quality of the flashlight is outstanding. I also own an ultra stinger whose only short coming is that Streamlight does not make a piggy back charger for it.,,As with previous experience Streamlight delivers a quality product.The quality of the flashlight is outstanding.,,,The Stinger DS LED HP comes professionally packed to protect from damage.,
22,"Bought 2 of these. One for myself and one as a gift. Amazing bright light and an effective beam throw of around 100 yds. Everyone who sees it wants to know where I got it. It arrived just as promised: 2 sets of batteries, with a charger that accepts both the light and the spare set of batteries. I live near a creek, and when it's flooding, all I have to do is step out on the back porch at night and I can see exactly where the water levels are...no guesswork! I'd buy this light again in a heartbeat!",,,"It arrived just as promised: 2 sets of batteries, with a charger that accepts both the light and the spare set of batteries.",,Amazing bright light and an effective beam throw of around 100 yds.,
23,Wife loves it she is a delivery driver and works after dark sometimes... The nice thing about this particular light is how the light cone is designed she can illuminate an address on a house and not worry about light shining through people's windows she currently uses older generation stinger this one is craaaazy bright!!!!,,,,,The nice thing about this particular light is how the light cone is designed she can illuminate an address on a house and not worry about light shining through people's windows she currently uses older generation stinger this one is craaaazy bright!!!,
24,Good product,,,,,,
25,Works amazing love streamlight,,,,,,
26,Ive had this flashlight now 4 months and its starting to loose connection. I will clean yhe connectors and finish üèÅ the review,,,,,,
27,WOW! What a bright light. Listing says 340 lumens.. box says 700+. Definitely 700+. Very good build quality. Light's up entire backyard at night.,,Very good build quality.,,,What a bright light.,
28,My husband says this was the best present ever! We can clearly see several hundred feet. It is the best flashlight we have ever had. The light is absolutely amazing.,,,,,We can clearly see several hundred feet.,
29,Great great great illumination for my husbands mold business BUT price is way too high. My son bought same one on Internet for $99.,,,,,,Great great great illumination for my husbands mold business BUT price is way too high.My son bought same one on Internet for $99.
30,"This is awesome. It has better range than my father in law's pistol grip style spotlight. Everyone is jealous. Super bright, huge range, perfect for checking cows, spotlighting coyotes, etc. Tough as hell and perfect function.","Super bright, huge range, perfect for checking cows, spotlighting coyotes, etc.",Tough as hell and perfect function.,,It has better range than my father in law's pistol grip style spotlight.,"It has better range than my father in law's pistol grip style spotlight.Super bright, huge range, perfect for checking cows, spotlighting coyotes, etc.",
31,"I use this light for 4 years on patrol as a police officer. It has been thrown, dropped, and abused. It is still working great! The hp puts outs a nice flood and a nice spot beam for distance at the same time. I used this on my 12 hour patrol and never had it die in me. It having the dual switches makes it more versatile on the ways you can hold and use it. I used it and every officer in my department uses a stinger. The only complaint is the rear switch is terrible. I've gone through 5 switches. This is the same problem I've had with other streamlight flashlights. If you are looking for a light you can always depend on, you have found it!",,,,It having the dual switches makes it more versatile on the ways you can hold and use it.The only complaint is the rear switch is terrible.,The hp puts outs a nice flood and a nice spot beam for distance at the same time.,
32,"Awesome flashlight!!! I've had it for a few years and it has really taken a beating. It works great.
Very bright. Still have the original batteries.",,,Still have the original batteries.,,Very bright.,
33,Very nice high quality light. Very happy with it. It is a bit large. It does not fit neatly in your pocket.,It is a bit large.,Very nice high quality light.,,,,
34,This is a very bright and lightweight piece of equipment. Great light for the patrol car. Thinking of getting another for the house.,This is a very bright and lightweight piece of equipment.,,,,This is a very bright and lightweight piece of equipment.,
35,"I had an old style Stinger HP with the standard bulb. This light is brighter and has a noticeable white shine. The LED is durable (dropped a few times) and the light still shines bright. The main reason for this purchase was the extended battery use. I use the Streamlight at work and have yet to loose the charge. I got the piggyback quick charge just in case. ""I love it"" and recommend it!",,The LED is durable (dropped a few times) and the light still shines bright.,The main reason for this purchase was the extended battery use.I use the Streamlight at work and have yet to loose the charge.I got the piggyback quick charge just in case.,,This light is brighter and has a noticeable white shine.The LED is durable (dropped a few times) and the light still shines bright.,
36,Great lights,,,,,Great lights,
37,It is a great light I use it for work and it as usual lives up to the stream light name.,,,,,,
38,"I bought this light to use on my night watch. It is great it's bright, sturdy, reliable. Love it great value.",,"It is great it's bright, sturdy, reliable.",,,"It is great it's bright, sturdy, reliable.",Love it great value.
39,I bought this for my brother to use at work. I have used mine for 2 years and other than scratches it still works and charges fine. It is nice and bright,,,,,It is nice and bright,
40,"This is an awesome light!! Very bright and focused beam. Long lasting battery life and performance! I recommend this light if you need a really bright dependable light. The only downside is that if you plan to use it for several hours at a time have a spare battery just in case. There is no warning it just goes dead. With a full charge on a battery, this should take 5 or 6 hours.",,,"Long lasting battery life and performance!The only downside is that if you plan to use it for several hours at a time have a spare battery just in case.There is no warning it just goes dead.With a full charge on a battery, this should take 5 or 6 hours.",,Very bright and focused beam.I recommend this light if you need a really bright dependable light.,
41,Best light on the market,,,,,,
42,Carry this flashlight daily on duty. Holds a charge well and awesome brightness. Have had no issues with any Streamlight product.,,Holds a charge well and awesome brightness.,Holds a charge well and awesome brightness.,,Holds a charge well and awesome brightness.,
43,It nice and powerful. I am a correction officer have used it building and outside. It easy light up the end of the runs.,,,,,,
44,"I bought this streamlight stinger ds led flashlight to replace my first stinger flashlight(used it for 14 years, not working, lost it and later on I found it). Eventhough my old one is working again by replacing the battery & bulb with led I am keeping the new one.",,,Eventhough my old one is working again by replacing the battery & bulb with led I am keeping the new one.,,"I bought this streamlight stinger ds led flashlight to replace my first stinger flashlight(used it for 14 years, not working, lost it and later on I found it).Eventhough my old one is working again by replacing the battery & bulb with led I am keeping the new one.",
45,"this is a must have flashlite, so bright that you can see for hundreds of feet and very easy to recharge.",,,"this is a must have flashlite, so bright that you can see for hundreds of feet and very easy to recharge.",,"this is a must have flashlite, so bright that you can see for hundreds of feet and very easy to recharge.",
46,Expensive but you get what you pay for. I'll never need to buy another.,,,,,,Expensive but you get what you pay for.
47,"Pros:
1, The light is extremely bright & far!

Cons:
1, It will be automatically shut down...don't know the reason why ?? ...though it could work again about 15 min later.
2, The battery does not last as long as its spec. (about 1/2 of the spec.)",,,"2, The battery does not last as long as its spec.",,"Pros:
1, The light is extremely bright & far!",
48,"The website rates this light at 350 lumens and 56,000 cd. The Streamlight website ([...]) also has the same information. However, the light I received says it is rated at only 200 lumens and 48,000 cd. This is not what I paid so much money for.",,,,,"The website rates this light at 350 lumens and 56,000 cd.However, the light I received says it is rated at only 200 lumens and 48,000 cd.",This is not what I paid so much money for.
49,Love this light. It will light up the woods.,,,,,,
50,"Bought this after seeing a friends' Stinger and was amazed how much brighter it was than the Mag Lite LED light. The three intensity levels and strobe prove it to be more functional than a typical Mag Lite. You get what you pay for, that's how I see it.",,,,The three intensity levels and strobe prove it to be more functional than a typical Mag Lite.,Bought this after seeing a friends' Stinger and was amazed how much brighter it was than the Mag Lite LED light.The three intensity levels and strobe prove it to be more functional than a typical Mag Lite.,
51,Awesome light.,,,,,,
52,"The best flashlight I've EVER used. I use this flashlight daily, every hour for my security job during the night. The strobe effect is also a great thing to have if a person is walking toward you just hit them in the eyes with it.",,,,The strobe effect is also a great thing to have if a person is walking toward you just hit them in the eyes with it.,,
53,"This is an incredibly powerful light that'll cut right through dark window tint. Unfortunately, the powerful light is created through an awkwardly large lighthead and that makes this a very challenging light to carry on a duty belt. I've relegated this light to stay in my cruiser's door pocket. A great thing about this light is that it will fit in and utilize all of the chargers for the regular Stinger lights.","Unfortunately, the powerful light is created through an awkwardly large lighthead and that makes this a very challenging light to carry on a duty belt.",,,,This is an incredibly powerful light that'll cut right through dark window tint.A great thing about this light is that it will fit in and utilize all of the chargers for the regular Stinger lights.,
54,This light blows the mag light away. Almost as bright as my Q-beam. A very high quality light. Buy it.,,A very high quality light.,,,Almost as bright as my Q-beam.,
55,as advertized,,,,,,
56,Awesome flashlight!,,,,,,
57,Nice bright light,,,,,Nice bright light,
58,Fantastic throw for a handheld. Solid unit.,,Solid unit.,,,Fantastic throw for a handheld.,
59,"Excellent light! lights up the whole room! very bright, awesome. Worth the money definitely. and has strobe & side & tail cap switch... charger comes with it too. Def a good item & good seller",,,,and has strobe & side & tail cap switch... charger comes with it too.,"lights up the whole room!very bright, awesome.",Worth the money definitely.
60,More powerful than any flashlight I've seen. Holds a charge for a long time and convenient to charge. No complaints.,,,Holds a charge for a long time and convenient to charge.,,,
61,"I bought this light for my fiance for Christmas! Although after I purchased it, I found it cheaper locally in a store, my fiance absolutely loves it. It is bright and awesome!",,,,,It is bright and awesome!,
62,"Great flashlight, I tried other brands and they just didn't cut it. The streamlight is the best flashlight on the market today in my opinion.",,,,,,
63,i love it i have had 4 different flash lights and this one is best by far. if you have a shop get it,,,,,i love it i have had 4 different flash lights and this one is best by far.,
64,"First off, Optics Planet is a phenomenal company to conduct business with. The item I actually ordered was out of stock and they gave me the option to upgrade, at no extra cost, to an item that was in stock or the choice to wait for the out of stock item. My husband is extremely happy with this Stinger light which I bought to replace a Stinger light that he'd had stolen. For those who aren't familiar with Stinger lights, they are exceptionally bright and durable. My husband, an aviation mechanic, prefers this light hands-down to competitors.",,"For those who aren't familiar with Stinger lights, they are exceptionally bright and durable.",,,"First off, Optics Planet is a phenomenal company to conduct business with.For those who aren't familiar with Stinger lights, they are exceptionally bright and durable.","The item I actually ordered was out of stock and they gave me the option to upgrade, at no extra cost, to an item that was in stock or the choice to wait for the out of stock item."
65,"ligglht is very good quality, as expected from stream light. Very bright and charge lasts a long time. I got it with the 4hour fast charger. shipping was fast.",,"ligglht is very good quality, as expected from stream light.",Very bright and charge lasts a long time.,,Very bright and charge lasts a long time.,
66,"I have been using this light for years (I own 4) bright, durable and long battery life.",,"I have been using this light for years (I own 4) bright, durable and long battery life.","I have been using this light for years (I own 4) bright, durable and long battery life.",,"I have been using this light for years (I own 4) bright, durable and long battery life.",
67,Awesome,,,,,,
68,My husband and his hunting buddies all loved it! It's a little expensive but is a great product and will be used for many projects.,,,,,It's a little expensive but is a great product and will be used for many projects.,It's a little expensive but is a great product and will be used for many projects.
69,Very bright! Awesome light!,,,,,Very bright!,
70,"best light in the shop,
the only thing i don't like is the battery- wish it could last longer, or be easily replaceable which a spare is charged.
best light though",,,,,,
71,"Its nice and heavy, you can easily bop someone on the head with it and knock them out!","Its nice and heavy, you can easily bop someone on the head with it and knock them out!",,,"Its nice and heavy, you can easily bop someone on the head with it and knock them out!",,
72,One bada$$ light. You won't be sorry.,,,,,,One bada$$ light.
73,"Great product, probably will buy another so I can have one in the truck and other in my house. Used it for a long time last night at deer camp and was ridiculously bright for a flashlight",,,,,Used it for a long time last night at deer camp and was ridiculously bright for a flashlight,
74,Superb!,,,,,,
75,Love it,,,,,,
76,Best flashlight I have ever had. Although pricey it easily lights up small game for a late night hunt. Definitely worth it.,Although pricey it easily lights up small game for a late night hunt.,,,,Although pricey it easily lights up small game for a late night hunt.,Although pricey it easily lights up small game for a late night hunt.
77,"Love, love, love it!!!!!",,,,,,
78,Good light but it did not come with the charger. If it did I would give it 5 stars,,,,,,
79,I am in law enforecement and this light will fully light up people/object at 50 yards away. The battery will last about 2.5 hours on full power but if you do not need full power it will give you a good 8 hours on low setting.,,,The battery will last about 2.5 hours on full power but if you do not need full power it will give you a good 8 hours on low setting.,The battery will last about 2.5 hours on full power but if you do not need full power it will give you a good 8 hours on low setting.,The battery will last about 2.5 hours on full power but if you do not need full power it will give you a good 8 hours on low setting.,
