,author_id,verified_purchase,review_title,reviews,country,date,reviewer_name,ratings,people_find_helpful,start_time,end_time,product_name,average_rating,price,total_reviews,product_category,product_id,meta_data,rank,product_image_url
0,R18EXA2U5MLOVI,True,It's a good light but I prefer my TK75.,"Purchased the LD75 as a second light for dog walking. I need a flexible light for an hour in these dark mornings and 1.5 hours in evenings. Use the light in remote open fields and forests, had no hesitation choosing Fenix because I love my TK75 Mk 1. I expected this light to be even better but it isn't. For my use, I prefer the higher optical gain of the TK75s lens. I can't notice any practical difference in brightness on full power. The LD75 is slightly smaller and lighter but not enough to make a difference. The coloured LED has not been useful except for showing battery status which is a great feature (you can use it to get red/green/blue battery status). My biggest issue with the LD is reliability which has been poor. This contrasts with the TK which has been rock solid. My LD can go into a mode randomly where only the first 2 brightness levels are accessible. Removing the tailcap to reset the micro controller restores operation. Sometimes it fails completely if you run main led and colour led simultaneously (when lamp is cold) and again resetting cures. The controls are also more fiddly than the simple TK75. In summary, I think the TK is the one to go for. It's 100% reliable, fantastically built and the lens is terrific. This LD is not reliable enough for professional use (or at least mine isn't). So if comparing I would give my LD75 three stars and my TK75 a full five stars. I hope this review helps anyone choosing between these lights... And remember I have the older Mk 1 TK 75 so the newer version should be even brighter.",the united kingdom,"December 31, 2015",klystrode,3.0,0,2020-11-12 11:28:51.114255,2020-11-12 11:28:51.263456,Fenix LD75C LED Flashlight - with CREE XM-L2 U2 LED - 4200 lumens - Uses 4 x 18650 or 8 LD75CL2BK,4.5,,,Tools & Home Improvement,B00DDC1QAU,"{'manufacturer': 'Open Air Brands', 'part number': 'HP25', 'product dimensions': '15.8 x 7.4 x 7.4 cm; 430 Grams', 'batteries': 'CR123A batteries required.', 'item model number': 'LD75CL2BK', 'is discontinued by manufacturer': 'No', 'size': 'One Size', 'colour': 'Yellow', 'material': 'Synthetic', 'power source': 'Battery-Powered', 'item package quantity': '1', 'number of pieces': '5', 'type of bulb': 'Led', 'included components': 'LD75C LED Flashlight,4200 Lu', 'batteries included?': 'No', 'batteries required?': 'Yes', 'warranty description': 'Manufacturer Warranty', 'item weight': '430 g'}","#550,092 in Tools & Home Improvement (See Top 100 in Tools & Home Improvement)
#4,656 in Handheld Flashlights",https://images-na.ssl-images-amazon.com/images/I/71WzJqYQlLL._AC_SX355_.jpg
1,R2J86NMCLVW35V,True,Absolut Super!,"FÃ¼r alle die sich fÃ¼r die LD75c ODER die TK75 (4000 lumen Version) entscheiden mÃ¶chten aber noch unschlÃ¼ssig sind: beide sind spitze und Ã¼berragend hell. Die TK75 ist aber etwa doppelt so groÃŸ. Hat eine Reichweite von 650 m gegenÃ¼ber den 490 m der LD75c. Bei der TK75 ist kein Holster in der Packung, dieses muss extra gekauft werden (knapp 10 Euro). DafÃ¼r gibt's ein kleines KÃ¶fferchen, etwa wie man es von Bohrschraubern kennt aber kleiner.
Vorteile der LD75C: diese hat 5 LED im Lampenkopf, die TK75 nur 4. Die 5. mittige LED ist zudem 4 farbig mit Strobo und Dauerlicht (Strobo ist hier ein Farbmischlicht). Dauerlicht in BLAU, ROT, GRÃœN oder weiss. Und das ist der Clou: Wenn alle 5 LED an sind, also die 4farb auf weiss und die vier Haupt LED auf turbo, kommt man auf 4200 Lumen. Man sollte allerdings gute 18650er Akkus haben. Ich verwende die neuen Fenix mit 3500 mAh - keine Probleme.
NatÃ¼rlich kann man alle Helligkeitsstufen der Haupt LEDs mit allen Farben der Farb LED kombinieren.
Die LD75c hat zudem 5 Helligkeitsstufen, die TK75 nur 4. Bei beiden kann der Turbo und Strobo Modus sofort durch extra Schalter aktiviert werden. Der Strobo Modus fÃ¼r die Haupt LED der LD75C ist natÃ¼rlich viel stÃ¤rker als der Strobo Modus der mittleren 4Farb LED, welcher mehr als zusÃ¤tzlicher Licht Effekt gedacht ist, wÃ¤hrend der Haupt LED Strobo zur Verteidigung bestimmt ist.

Einen kleinen Nachteil gibts: LD75c hat keine Einschalt Sperre durch langes DrÃ¼cken oder Ã¤hnliches. Dies hat die TK75 wohl. In der Anleitung steht zwar, das versehentliches Einschalten der Lampe durch eine halbe Umdrehung des Akkudeckels verhindert werden kann - dies funktioniert aber zumindest mit den 3500 mAh Akkus von Fenix nicht. Der Kontakt besteht noch, bis zu dem Moment in dem der Deckel sich vom LampenkÃ¶rper lÃ¶st.

Beide Lampen haben eine Akku PrÃ¼ffunktion um die verbleibende KapazitÃ¤t festzustellen. Dies ist natÃ¼rlich bei der LD75c einfacher zu lÃ¶sen: grÃ¼n fÃ¼r volle Leistung und am anderen Ende rot blinkend fÃ¼r 'Saft alle'.
Das Einlegen der Akkus ist mehr oder weniger Geschmackssache: bei der TK gibt's einen AKKU Halter, bei der LD75c werden die Akkus direkt eingelegt, was Platz spart.
Die TK75 kann durch Erweiterung durch Aufschrauben eines zusÃ¤tzlichen Batterie KÃ¶rpers und 4 zusÃ¤tzliche Akkus (oder 8 CR123) in der Ausdauer verbessert werden. Dies schlÃ¤gt sich jedoch sehr in zusÃ¤tzlichem Gewicht und hohen Preis fÃ¼r die Akkus nieder. Es muss einem klar sein, das die konstante Leistung nur durch hochwertige QualitÃ¤ts Akkus erreicht werden kann. FÃ¼r 4 Fenix 18650 mit 3500 mAh liegt der Preis zur Zeit etwas oberhalb von 80 Euro! NatÃ¼rlich gibt's auch billigere mit etwaigen Leistungs EinbuÃŸen!",germany,"November 27, 2016",jwk1201,5.0,0,2020-11-12 11:28:51.268441,2020-11-12 11:28:51.407071,Fenix LD75C LED Flashlight - with CREE XM-L2 U2 LED - 4200 lumens - Uses 4 x 18650 or 8 LD75CL2BK,4.5,,,Tools & Home Improvement,B00DDC1QAU,,"#550,092 in Tools & Home Improvement (See Top 100 in Tools & Home Improvement)
#4,656 in Handheld Flashlights",https://images-na.ssl-images-amazon.com/images/I/71WzJqYQlLL._AC_SX355_.jpg
2,R3DDSW5AMDX3K5,True,Five Stars,A really powerful torch,the united kingdom,"July 1, 2018",Dr. M. E. P. Hows,5.0,0,2020-11-12 11:28:51.411060,2020-11-12 11:28:51.567853,Fenix LD75C LED Flashlight - with CREE XM-L2 U2 LED - 4200 lumens - Uses 4 x 18650 or 8 LD75CL2BK,4.5,,,Tools & Home Improvement,B00DDC1QAU,,"#550,092 in Tools & Home Improvement (See Top 100 in Tools & Home Improvement)
#4,656 in Handheld Flashlights",https://images-na.ssl-images-amazon.com/images/I/71WzJqYQlLL._AC_SX355_.jpg
3,RTDYX2SW8S6MW,True,Five Stars,This is a Christmas present but if is as good as the other one I bought it will great,the united kingdom,"December 18, 2015",Yogi 3,5.0,0,2020-11-12 11:28:51.571843,2020-11-12 11:28:51.707981,Fenix LD75C LED Flashlight - with CREE XM-L2 U2 LED - 4200 lumens - Uses 4 x 18650 or 8 LD75CL2BK,4.5,,,Tools & Home Improvement,B00DDC1QAU,,"#550,092 in Tools & Home Improvement (See Top 100 in Tools & Home Improvement)
#4,656 in Handheld Flashlights",https://images-na.ssl-images-amazon.com/images/I/71WzJqYQlLL._AC_SX355_.jpg
4,R1QNZ6LBLXIWT1,True,Ein Hoch auf das kleine Monster! Meine Beste,"Ich habe die Lampe jetzt ca. 9 Monate im Einsatz. Also Winter wie Sommer.

Gekauft habe ich diese, da ich jede Nacht mit 1-2 Hunden im Dunkeln noch Gassi jenseits der Zivilisation gehe und mir (uns) dort regelmÃ¤ÃŸig Wild begegnet. Und da ich das Wild gerne vor den Hunden sehe, musste was Gescheites her.

Ich habe, denke ich, so ein bisschen Erfahrung mit Taschenlampen. Meine erste LED war eine Trustf... mit angegebenen 1200 Lm. Vielleicht waren es real 900 Lm und die halt nur leider sehr kurz. Lampe auf Vollicht.... zÃ¤hlen bis 10.... 1,2,3,...10 und Lampe wieder aus, weil Ã¼berhitzt. Okay. Dann eine LED L P7 mit Zoom. Schon echt gut. Kein Licht-Kraft-Paket aber okay. Zum Gassigehen und das Wild schon aus 150m erkennen - etwas schwach und leider einen bis heute nicht erklÃ¤rlichen Wackler. Daneben noch ein paar weitere TL-Versuche in ChinaqualitÃ¤t - kein Kommentar.

Als mich dann eines Nachts ein RehbÃ¶ckchen fast umgerannt hat, war das Anlass genug mich noch einmal nach einer neuen TL umzusehen. Die Suche endete mit der Fenix LD75c und mit purer Begeisterung. Die Lampe machte tatsÃ¤chlich die Nacht zum Tag.

Es sind drei Schalter im Daumenbereich der Lampe.
- Schalter oben links schaltet aus Streulich (in die Breite) von weiÃŸ, blau, rot, grÃ¼n, blinkend oder (amerik.) Polizei-Blinklicht (leicht einzustellen)
- Schalter oben rechts schaltet das Licht in die Ferne in 5 Stufen
- Schalter unten mitte schaltet VOLLLICHT oder STROBOMODE

In Kombination von Streulicht (und das ist schon wirklich schÃ¶n hell) und Fernlicht hat man einen komplett ausgeleuchteten Bereich von ca. 300 - 400 Meter. Das Fernlicht meins Autos ist deutlich schwÃ¤cher.

Die Lampe zeigt keinerlei Gebrauchsspuren bis jetzt, obwohl Sie jeden Abend im Einsatz ist.
Die Batterien (4 x 18650) halten bei mir 4-6 Wochen!!

Ich kann keine negative Kritik von mir geben. Auch wenn ich mir heute im Vorbeigehen im MM noch eine kleine Fenix geschnappt habe.
Warum? Nun ich denke, es gebÃ¼hrt an Offenheit wenn man hier eine Bewertung schreibt: Ich nehme die groÃŸe Fenix immer mit, wenn ich nachts Ã¼ber Wiesen und an WaldrÃ¤ndern Gassi gehe. Da mÃ¶chte ich Sie nicht missen. Gehe ich aber infolge MÃ¼digkeit ein kleine Runde am Rande der Zivilisation ist mir die GroÃŸe einfach zu globig. Da brauche ich sie auch nicht. Man muss sich schon darÃ¼ber im Klaren sein, daÃŸ die LD75c einen Durchmesser einer Bierflasche hat und das Gewicht ebenfalls Ã¤hnlich ist. Wenn es dass nicht braucht fÃ¼hlt sich die Taschenlampe einfach als Ballast an - ganz ehrlich.

Aber das habe ich gewuÃŸt und will mich weder beschweren, noch will ich das kleine Monster missen. Weil: Wenn man um Mitternacht Wiesen und WaldrÃ¤nder streift fÃ¼hlt man sich einfach sicher und wohl mit einem ""zuverlÃ¤ssigen Flutlichtstrahler"" was die LD75c bietet. Man sieht einfach alles um sich herum im Umkreis von fast einem Quadratkilometer. Und Ã¼brigens ist eine kurze Dicke deutlich handlicher als ein dÃ¼nne Lange! [...ich rede von Taschenlampen...]

Fazit: Ein Top Taschenlampe fÃ¼r den der es braucht. Also sowohl breite als auch weite Ausleuchtung. Nichts fÃ¼r den ... der mal was im Keller sucht - da gibt man sein Geld lieber wo anders aus und kauft evtl. das, was ich mir heute als Zweitlampe gekauft habe.",germany,"February 23, 2017",Anonym,5.0,0,2020-11-12 11:28:51.711969,2020-11-12 11:28:51.837716,Fenix LD75C LED Flashlight - with CREE XM-L2 U2 LED - 4200 lumens - Uses 4 x 18650 or 8 LD75CL2BK,4.5,,,Tools & Home Improvement,B00DDC1QAU,,"#550,092 in Tools & Home Improvement (See Top 100 in Tools & Home Improvement)
#4,656 in Handheld Flashlights",https://images-na.ssl-images-amazon.com/images/I/71WzJqYQlLL._AC_SX355_.jpg
5,RTXTKSQU6K7KK,True,HÃ¤lt was sie verspricht,"Nachdem ich ein gewisses Faible fÃ¼r leistungsstarke Taschenlampen habe und ich eine der stÃ¤rksten haben wollte habe ich mir die LD75c bestellt.

Die Farbenmodi sind nÃ¤mlich ganz interessant. Man kann mit grÃ¼nem Licht durch die Nacht gehen ohne Tiere und Pflanzen zu stÃ¶ren. Mit dem blauen Licht fangen Neonfarbene GegenstÃ¤nde richtig zum Leuchten an. Das rote Licht ist praktisch als Warnlicht. Die rot-blaue Funktion hat in Europa keine wirkliche Funktion denke ich. Sollte Einsatzfahrzeuge von Amerika imitieren denke ich.

Die Lampe leuchtet 100m besser aus als meine beiden BMW Xenonscheinwerfer. Gut, diese sind wahrscheinlich auch fÃ¼r die Entfernung ausgelegt, aber immerhin, es wird wirklich extrem hell in der nÃ¤heren Umgebung. Theoretisch leuchtet sie Ã¼ber 400 Meter, dies ist meiner Meinung nach aber nicht zu gebrauchten.

Gekauft habe ich sie, weil ich schon desÃ¶fteren nÃ¤chstens mein Zelt aufgebaut habe und mit dieser Lampe hat man einen Scheiwerfer der alles fast taghell macht.

In der hÃ¶chsten Stufe wird sie im Haus (bei ca. 25Â°C) vorne sehr heiÃŸ, ich denke man kann sich damit verbrennen, die Lampe regelt aber irgendwann, ab einer gewissen Temperatur die Leistung runter und schaltet auf Stufe zwei. Diese wird ebenfalls nur so lange belassen wie es die Temperatur erlaubt. DrauÃŸen bei KÃ¤lte kann man die Lampe lÃ¤nger auf hÃ¶chster Stufe betreiben, das kommt aber bei mir nur bei nÃ¤chtlichen WinterwaldspaziergÃ¤ngen vor. Im Winter ist es mir zu rau zum zelten. :D

Die Verarbeitung der Lampe ist top und bis auf das Gewicht und den Durchmesser kann ich keine negativen Eigenschaften erwÃ¤hnen.

Gut finde ich auch noch die Akkustandsanzeige in Form von einer versteckten Funktion. Wenn man die linke Taste lÃ¤nger drÃ¼ckt leuchtet sie grÃ¼n fÃ¼r einen vollen Akku, blau fÃ¼r einen mittel geladenen und rot fÃ¼r einen fast leeren Akku.

Mit dem Strobe lassen sich sehr gut Menschen abschrecken, sollte man diese Funktion wirklich einmal benÃ¶tigen.

Einmal habe ich bei einem nÃ¤chtlichen Spaziergang eine Frau in 200m Entfernung mit der Taschenlampe angeleuchtet, diese meinte dann beim Vorbeikommen ob ich ""deppert"" bin, dass ich sie anleuchte. Das Licht dÃ¼rfte also auch aus 200m Entfernung noch Ã¤uÃŸerst Stark sein.",germany,"November 28, 2016",Markus St.,5.0,0,2020-11-12 11:28:51.842703,2020-11-12 11:28:51.965375,Fenix LD75C LED Flashlight - with CREE XM-L2 U2 LED - 4200 lumens - Uses 4 x 18650 or 8 LD75CL2BK,4.5,,,Tools & Home Improvement,B00DDC1QAU,,"#550,092 in Tools & Home Improvement (See Top 100 in Tools & Home Improvement)
#4,656 in Handheld Flashlights",https://images-na.ssl-images-amazon.com/images/I/71WzJqYQlLL._AC_SX355_.jpg
6,R1C7NF672BML1S,True,"Lampe Fenix LD75c, macht die Nacht zum Tag","Ich habe diese Taschenlampe seit 4 Jahren, benutze sie Ã¼berwiegend zum Fotografieren. Mit dieser Lampe ist ein Porty Ã¼berflÃ¼ssig. Einzig die Lichthelligkeitsstufen wÃ¤ren mir als Dimmmodus lieber!",germany,"April 20, 2019",JustforFun,5.0,0,2020-11-12 11:28:51.970365,2020-11-12 11:28:52.099017,Fenix LD75C LED Flashlight - with CREE XM-L2 U2 LED - 4200 lumens - Uses 4 x 18650 or 8 LD75CL2BK,4.5,,,Tools & Home Improvement,B00DDC1QAU,,"#550,092 in Tools & Home Improvement (See Top 100 in Tools & Home Improvement)
#4,656 in Handheld Flashlights",https://images-na.ssl-images-amazon.com/images/I/71WzJqYQlLL._AC_SX355_.jpg
7,R72ELWAEY87BD,True,Tolle Taschenlampe,"Ideal fÃ¼r dunkle Keller, DachbÃ¶den und natÃ¼rlich als Lampe im Freien. Bei voller Helligkeit regelt die Lampe geschÃ¤tzt nach 15 Minuten ab. Diese ist aber so hell, dass man sie auch meist nicht benÃ¶tigt. Sehr gute Verarbeitung. Entsprach voll meinen Vorstellungen.",germany,"November 11, 2019",Mango,5.0,0,2020-11-12 11:28:52.104005,2020-11-12 11:28:52.228671,Fenix LD75C LED Flashlight - with CREE XM-L2 U2 LED - 4200 lumens - Uses 4 x 18650 or 8 LD75CL2BK,4.5,,,Tools & Home Improvement,B00DDC1QAU,,"#550,092 in Tools & Home Improvement (See Top 100 in Tools & Home Improvement)
#4,656 in Handheld Flashlights",https://images-na.ssl-images-amazon.com/images/I/71WzJqYQlLL._AC_SX355_.jpg
8,R12AUYZKUWOJY7,True,Tolles MUSTHAVE fÃ¼r JÃ¤ger,Unglaubliche Taschenlampe. Ideal fÃ¼r Sauenjagd.,germany,"April 2, 2019",turkowski gerwin,5.0,0,2020-11-12 11:28:52.233658,2020-11-12 11:28:52.393231,Fenix LD75C LED Flashlight - with CREE XM-L2 U2 LED - 4200 lumens - Uses 4 x 18650 or 8 LD75CL2BK,4.5,,,Tools & Home Improvement,B00DDC1QAU,,"#550,092 in Tools & Home Improvement (See Top 100 in Tools & Home Improvement)
#4,656 in Handheld Flashlights",https://images-na.ssl-images-amazon.com/images/I/71WzJqYQlLL._AC_SX355_.jpg
9,R2C6S3M32KPU8D,True,Leuchtkraft und Haptik extrem gut!,"Leuchtkraft und Haptik extrem gut!, hÃ¶here Leuhtkraft und bessere Haptik als die groÃŸe LED Lenser X21
einzig die Bedienung ist etwas gewÃ¶hnungsbedÃ¼rftig...",germany,"April 17, 2016",Amazon Kunde,5.0,0,2020-11-12 11:28:52.398218,2020-11-12 11:28:52.522885,Fenix LD75C LED Flashlight - with CREE XM-L2 U2 LED - 4200 lumens - Uses 4 x 18650 or 8 LD75CL2BK,4.5,,,Tools & Home Improvement,B00DDC1QAU,,"#550,092 in Tools & Home Improvement (See Top 100 in Tools & Home Improvement)
#4,656 in Handheld Flashlights",https://images-na.ssl-images-amazon.com/images/I/71WzJqYQlLL._AC_SX355_.jpg
10,R1ZIC99Y8S2YIC,True,marche deja plus,"marche fort , mes dÃ©conne vite dommage l envoi d un nouveau produit serai sympa et un qui fonctionne plus d un mois .",france,"October 8, 2018",Client d'Amazon,1.0,0,2020-11-12 11:28:55.671908,2020-11-12 11:28:55.814127,Fenix LD75C LED Flashlight - with CREE XM-L2 U2 LED - 4200 lumens - Uses 4 x 18650 or 8 LD75CL2BK,4.5,,,Tools & Home Improvement,B00DDC1QAU,,"#550,092 in Tools & Home Improvement (See Top 100 in Tools & Home Improvement)
#4,656 in Handheld Flashlights",https://images-na.ssl-images-amazon.com/images/I/71WzJqYQlLL._AC_SX355_.jpg
11,RIGRV0TAUX4UG,True,Sehr gute Lampe,"Hey,

die Antwort kommt zwar jetzt etwas SpÃ¤t aber eventuell hilft sie ja noch jemandem.

Ich hatte zwei Wochen Zeit, die Fenix RC 40 (3500 Lumen) zu testen und habe mir nun die LD 75 C gekauft (die RC 40 war mir dann doch zu groÃŸ), was ich nicht bereue.

Im Vergleich ist die RC 40 Wesentlich GrÃ¶ÃŸer (lÃ¤nger und der Kopf ist beinahe doppelt so groÃŸ). Sie produziert jedoch auch mehr Licht. Von der Helligkeit sieht man kaum einen Unterschied, auf die Entfernung hat die RC 40 deutlich mehr wumme. AuÃŸerdem verteilt die RC 40 das Licht sehr viel mehr auf die seiten was zum wegausleuchten genial ist. Sie ist eben ein Suchscheinwerfer-PÃ¶mpel fÃ¼r das absolute Licht.

Die LD 75 C hat dafÃ¼r viele andere StÃ¤rken. Klar ist der Griff ziemlich dick, was Menschen mit kleineren HÃ¤nden Probleme bereiten kann, ich finde ihn jedoch sehr angenehm (hab groÃŸe HÃ¤nde). Wenn man sie dann mit der RC 40 in sachen Lichtflut vergleicht, steht sie (fÃ¼r eine HAND-Taschenlampe) immernoch verdammt gut da. Sie ist ganz klar eine der hellsten LED-Taschenlampen Ã¼berhaupt und unter denen, die in eine Hand passen, spielt sie ganz forn an der Spitze. In sachen Helligkeit und Leuchtkraft muss denke ich nicht mehr gesagt werden. Die verschiedenen leuchtmodi sind fÃ¼r beinahe alle VerhÃ¤ltnisse praktikabel.

Zum PackmaÃŸ:

NatÃ¼rlich ist es kein Kugelschreiber-LED LÃ¤mpchen, dennoch finde ich das PackmaÃŸ noch vÃ¶llig in Ordung. Zum Wandern ist das Gewicht dem ein oder anderen vieleicht zu viel. Verglichen zu der RC 40 jedoch nichts. Alles in allem finde ich das PackmaÃŸ noch praktikabel fÃ¼r die meisten Urlaube, NachtausflÃ¼ge, Nightcashing etc. Wer auf Gewicht- und Platzsparen bei einer Radtour oder beim Wandern beispielsweise aus ist, sollte trotzdem eine kleinere Lanpe wÃ¤hlen.

Ein nettes Gimmic beim PackmaÃŸ ist, wenn man beim Camping Leute mit bauhaus/aldi ""Flutscheinwerfern"" ([...]) sieht, die um einiges Bulliger sind als die Fenix LD 75 c und du sie in sachen Licht meist um ein vielfaches Ã¼bertriffst. Da muss Ich zumindest schon jedes mal schmunzeln.

Die MenÃ¼fÃ¼hrung finde ich wesentlich intelligenter als bei der RC 40. Ãœber einen Knopf wird sie eingeschaltet und durch die Helligkeitsmodi gewechselt, Ã¼ber einen zweiten Knopf kommt man (kurz drÃ¼cken) direkt in den Stroboskop-Modus; Ã¼ber langes drÃ¼cken direkt in den Turbo-Modus. Das finde ich schon wirklich nett. Ein ""SOS"" fehlt mir jedoch.

Im Notfall kann man die Lampe auch mit nur zwei Akkus betreiben, was ich extrem Clever finde, sollte ein Akku wÃ¤hrend der Reise kaputt gehen, man verliert einen, oder man befindet sich in Gebieten in denen man auf Reccoucen achten muss.

Der dritte Knopf ist fÃ¼r die Farbe zustÃ¤ndig. Diese ist unglaublich intensiv und wird extrem gestreut (mit geringer Reichweite) - Ich liebe sie irgendwie. Auch wenn ich sie eigentlich nicht brauche. Per Klick gelangt man durch die Modi ""Blau"", ""Rot"", ""GrÃ¼n"", ""WeiÃŸ"", Polizei strobo (Strobo aus blau und rot im wechsel) den finde ich ja unglaublich geil, zumal er durch den Farbwechsel fÃ¼r zusÃ¤tzlichen Augenkrebs sorgt.

Ich denke dann ist alles gesagt; nochmal schnell zusammen gefasst:

+ Verdammt viel Licht
+ viel farbe
+ 2-akku betrieb.
+ durchdachte MenÃ¼fuhrung.
+/- relativ Handlich (fÃ¼r die menge an Licht)
- Aufwand um in den Polizei Strobe zu kommen ist zu groÃŸ.
- kein SOS.

Ich liebe die Lampe. Kein Fehlkauf",germany,"August 5, 2015",Julian Berchthold,4.0,0,2020-11-12 11:28:55.819591,2020-11-12 11:28:55.967569,Fenix LD75C LED Flashlight - with CREE XM-L2 U2 LED - 4200 lumens - Uses 4 x 18650 or 8 LD75CL2BK,4.5,,,Tools & Home Improvement,B00DDC1QAU,,"#550,092 in Tools & Home Improvement (See Top 100 in Tools & Home Improvement)
#4,656 in Handheld Flashlights",https://images-na.ssl-images-amazon.com/images/I/71WzJqYQlLL._AC_SX355_.jpg
12,RBWNXHNJ8J44Z,True,Der kleine Goliat,"Auf der Suche nach einer sehr starken Taschenlampe wurde diese Fenix LD75C mein Favorit.
Die Lampe ist ein ausgezeichneter Kompromiss zwischen GrÃ¶sse und Leistung.
Man kann sie noch einstecken und sie liegt gut in der Hand.
Sie hat 4 Leds fÃ¼r krÃ¤ftiges weisses Licht mit einer ausgezeichneten Abstufung, der Spot ist relativ breit.
(Doppelter Durchmesser als bei der Fenix TK75)
Sie hat in der Mitte eine 4 Farben-Led die einen grossen Kreis in jeder Farbe ausleuchtet und man kann sie mit den weissen Leds kombinieren.

Fenix hat diese Lampe auf die stÃ¤rkeren Accus mit 3200 und 3400 mAh optimiert und die angegebenen Werte beziehen sich auf die hÃ¶here Leistung. Die Lampe hat keinen BatteriekÃ¤fig, die Accus lassen sich leicht einlegen.

2017: Ich bin immer noch begeistert, die Fenixaccus funktionieren sehr gut, mit anderen Markenaccus schaltete die Lampe beim Turbomodus 2 LEDs jedoch ab! Also die richtigen Accus sind hier Voraussetzung fÃ¼r die volle Funktion!

Aber Achtung: In der Bedienungsanleitung ist ein gravierender Fehler (Alle Accus mit dem Pluspol zur Lampe), dies ist falsch.
Fenix hat auch hier je 2 Accus Parallel und 2 in Serie. Es sind ausreichend + und - Symbole vorhanden um die Accus richtig einzulegen.
Nur im Dunkeln ist der Accutausch problematisch, es sei denn man hat sich die Reihenfolge gemerkt oder markiert!

Die Lampe ist Leistungsgeregelt und TemperaturÃ¼berwacht, die Bedienung sehr einfach mit 3 Tasten:
Die Sterntaste ist fÃ¼r das Abwehrlicht und volle Lichtleistung.
Die C-Taste fÃ¼r die Farb-Led zustÃ¤ndig.
Die Ein- Aus-Taste fÃ¼r die 4 Weiss-Leds zustÃ¤ndig.
FÃ¼r alle Tasten: Ein lÃ¤ngerer Druck schaltet das Licht ein, ein kurzer verÃ¤ndert die Einstellung.

Diese Lampe wird nicht mehr in einem schÃ¶nen Koffer ausgeliefert, dafÃ¼r gibt es einen Holster dazu, der vÃ¶llig unbrauchbar ist!
Dieses Nylonband schÃ¼tzt die Lampe nicht (da zu schmal), dafÃ¼r zerstÃ¶ren die scharfen Kanten jedes KleidungsstÃ¼ck!
Das mitgelieferte Lanyard (noch immer das gleiche SchnÃ¼rl) ist wenig brauchbar.

Die technischen Daten will ich hier nicht wiederholen, steht ja alles in der Beschreibung und dass bei Fenix ehrliche Werte stehen ist selbstverstÃ¤ndlich. Das einzige was dieser Lampe fehlt ist eine interne LademÃ¶glichkeit.
Zum Vergleich Fenix TK75 und LD75C stelle ich noch Fotos ein.

Wer eine Spitzenlampe sucht ist hier richtig. Diese Lampe macht sÃ¼chtig und sie ist nun mein stÃ¤ndiger Begleiter. Muss man haben!",germany,"May 6, 2015",Kingston,5.0,0,2020-11-12 11:28:55.972556,2020-11-12 11:28:56.103187,Fenix LD75C LED Flashlight - with CREE XM-L2 U2 LED - 4200 lumens - Uses 4 x 18650 or 8 LD75CL2BK,4.5,,,Tools & Home Improvement,B00DDC1QAU,,"#550,092 in Tools & Home Improvement (See Top 100 in Tools & Home Improvement)
#4,656 in Handheld Flashlights",https://images-na.ssl-images-amazon.com/images/I/71WzJqYQlLL._AC_SX355_.jpg
13,R2Q5TDCJLBI3RY,True,"Topissime! une * de moins parce que la radinitÃ© lÃ©gendaire de Fenix pour les accus Ã  ce niveau de gamme, est punissable.","C'est cher, mais des nouveautÃ©s, de qualitÃ©, plutÃ´t rares. . . C'est celle qui se dÃ©tache. Vu le prix, ceux qui achÃ¨tent s'y connaissent, donc, je rÃ©sume que tout est nickel rÃ©alisation fonctions, tout est puissant, y compris les rvb. Seul regret, et il y en Ã  marre , il ny a que fenix qui brille par absence des accus fournis, y compris dans le haut de gamme. et, si ils font le calcul qu'on va en remettre de sa poche pour les 4 accus, ils se retrouvent avec une * en moins, et une autre torche, qui prÃªte Ã  l'autre. .. Parce que le prix plein pot, OK, avec blindage retour, sav, si il faut payer les piles, Ã§a ne vaut vraiment plus le coup (coÃ»t. ..). Dommage pour Ã§a, car je ne peux dÃ©cemment pas mettre 3* vu la superbe qualitÃ© de la torche, mais si la notation Ã©tait en chiffre, l'absence des accus vaut un 3,5 sur 5. Voire 2,5 ( 5/5 torche ; 0/5 radinerie piles) voilÃ , c'est dit.",france,"November 3, 2015",benzen76,4.0,0,2020-11-12 11:28:56.108172,2020-11-12 11:28:56.237352,Fenix LD75C LED Flashlight - with CREE XM-L2 U2 LED - 4200 lumens - Uses 4 x 18650 or 8 LD75CL2BK,4.5,,,Tools & Home Improvement,B00DDC1QAU,,"#550,092 in Tools & Home Improvement (See Top 100 in Tools & Home Improvement)
#4,656 in Handheld Flashlights",https://images-na.ssl-images-amazon.com/images/I/71WzJqYQlLL._AC_SX355_.jpg
14,R248NO38C5LLJZ,True,Fenix LD75C LED Taschenlampe 4000 Lumen rot+grÃ¼n+blau,"Diese Taschenlampe ist die beste die ich je hatte, 5 verschiedene Leuchtstufen und 3 verschiedene Farben. Wenn die Akkus voll aufgeladen sind dann ist die Leuchtkraft schon sehr extrem und auch weit. Bei Stufe 4 â€“ 5 wird die Taschenlampe schon sehr heiÃŸ wenn sie lÃ¤nger eingeschaltet ist. Ich benutze die Taschenlampe oft und die Leuchtkraft hat sich ganz gering verÃ¤ndert. Die Akkus scheinen sehr lang zu halten, kommt auf die Leuchtkraft an. Die Taschenlampe ist massiv gebaut und hat mit den Akkus schon sein Gewicht, aber das macht nichts. Ich bin total zufrieden mit der Taschenlampe und kann ich nur empfehlen wer eine gute Taschenlampe mÃ¶chte. Hat zwar seinen Preis aber jeden Cent wert.",germany,"August 13, 2015",Gerald Ebert,5.0,0,2020-11-12 11:28:56.242340,2020-11-12 11:28:56.367759,Fenix LD75C LED Flashlight - with CREE XM-L2 U2 LED - 4200 lumens - Uses 4 x 18650 or 8 LD75CL2BK,4.5,,,Tools & Home Improvement,B00DDC1QAU,,"#550,092 in Tools & Home Improvement (See Top 100 in Tools & Home Improvement)
#4,656 in Handheld Flashlights",https://images-na.ssl-images-amazon.com/images/I/71WzJqYQlLL._AC_SX355_.jpg
15,RALZCVMC7ZC5A,True,Eine top lampe...,"Die lichtleistung dieser lampe ist unfassbar, ein wirkliches tolles gerÃ¤t. Meine lampe wird jedoch im stÃ¤rksten lichtmodus ziemlich heiss....
Keine Ahnung ob das nur bei mir auftritt. Ansonsten defintiv zu empfehlen...",germany,"September 25, 2015",PC,4.0,0,2020-11-12 11:28:56.371752,2020-11-12 11:28:56.511701,Fenix LD75C LED Flashlight - with CREE XM-L2 U2 LED - 4200 lumens - Uses 4 x 18650 or 8 LD75CL2BK,4.5,,,Tools & Home Improvement,B00DDC1QAU,,"#550,092 in Tools & Home Improvement (See Top 100 in Tools & Home Improvement)
#4,656 in Handheld Flashlights",https://images-na.ssl-images-amazon.com/images/I/71WzJqYQlLL._AC_SX355_.jpg
16,RELODP89K49FU,True,Kauf empfehlenswert,"+ Sehr starke Lichtleistung
+ mit Standard Li-Ion Akkus 18650 betreibbar
+ gutes, einfaches Bedienungskonzept mit 3 Tasten
- fixe Optik, Lichtaustritt bzw. Lichtstrahl lÃ¤sst sich nicht Ã¤ndern
- zu viel seitliches Streulicht neben dem sehr hellen Lichstrahl",germany,"December 25, 2016",corbeau16,4.0,0,2020-11-12 11:28:56.516712,2020-11-12 11:28:56.636879,Fenix LD75C LED Flashlight - with CREE XM-L2 U2 LED - 4200 lumens - Uses 4 x 18650 or 8 LD75CL2BK,4.5,,,Tools & Home Improvement,B00DDC1QAU,,"#550,092 in Tools & Home Improvement (See Top 100 in Tools & Home Improvement)
#4,656 in Handheld Flashlights",https://images-na.ssl-images-amazon.com/images/I/71WzJqYQlLL._AC_SX355_.jpg
17,R3J7PB3G3LOX6W,True,Great flashlight,"It does what it is supposed to do.
4200 lumen is very bright.
A super low mode would be nice. The lowest mode is too bright.",germany,"October 26, 2015",P.E,5.0,0,2020-11-12 11:28:56.640869,2020-11-12 11:28:56.763540,Fenix LD75C LED Flashlight - with CREE XM-L2 U2 LED - 4200 lumens - Uses 4 x 18650 or 8 LD75CL2BK,4.5,,,Tools & Home Improvement,B00DDC1QAU,,"#550,092 in Tools & Home Improvement (See Top 100 in Tools & Home Improvement)
#4,656 in Handheld Flashlights",https://images-na.ssl-images-amazon.com/images/I/71WzJqYQlLL._AC_SX355_.jpg
18,R267JWE1C6B6XS,True,TK75ã®ã‚³ãƒ³ãƒ‘ã‚¯ãƒˆç‰ˆã¨ã„ãˆã‚‹å®Ÿç”¨æ€§ã€‚,"åŒç¤¾ã®TK75ã‚’ä¸€å›ã‚Šå°ã•ãã—ãŸæ§˜ãªãƒ©ã‚¤ãƒˆã§ã‚ã‚Šã€å®Ÿéš›ã‚¹ãƒšãƒƒã‚¯ã‚‚ä¼¼ã¦ã„ã¾ã™ã€‚é•ã†ã®ã¯ã‚µã‚¤ã‚ºã¨LD75CãŒã‚«ãƒ©ãƒ¼ï¼ˆç·‘ã€é’ã€èµ¤ï¼‰LEDã‚’ç”¨æ„ã—ã¦ã„ã‚‹ã“ã¨ãã‚‰ã„ã§ã™ï¼ˆä»–ã«ã‚‚ã‚ã‚Šã¾ã™ãŒãƒ»ãƒ»ï¼‰ã€‚
TK75ãŒã„ã‹ã«ã‚‚ã¨ã„ã†æ„Ÿã˜ã§é ‘ä¸ˆãã†ãªã®ã«æ¯”ã¹ã€LD75Cã¯å°‘ã—ã‚½ãƒ•ãƒˆã‚¿ãƒƒãƒãªæ„Ÿã˜ã§ã™ã€‚
TK75ã¯ç™½è‰²LEDãŒ4å€‹æ­è¼‰ã§ã™ãŒã€LD75Cã¯ãã‚Œã«ã‚«ãƒ©ãƒ¼LEDãŒè¿½åŠ ã•ã‚ŒãŸã‚ˆã†ãªæ§‹æˆã§ã™ã€‚ã‚«ãƒ©ãƒ¼LEDã¯é’ã€èµ¤ã€ç·‘ã€ç™½ã®4ã¤ã®LEDãƒãƒƒãƒ—ãŒä¸€ã¤ã«ãƒã‚¦ãƒ³ãƒˆã•ã‚Œã€ç™½è‰²4*LEDã®ä¸åº¦ã‚»ãƒ³ã‚¿ãƒ¼ã«é…ç½®ã•ã‚Œã¦ã„ã¾ã™ã€‚
ãƒ˜ãƒƒãƒ‰ã¯TK75ã«æ¯”ã¹ã‚‹ã¨ä¸€å›ã‚Šå°ã•ããªã£ã¦ã„ã¾ã™ã—ã€ã‚«ãƒ©ãƒ¼LEDã‚‚é…ç½®ã•ã‚Œã¦ã„ã¾ã™ã®ã§ã€ãƒªãƒ•ãƒ¬ã‚¯ã‚¿ãƒ¼ã¯å°ã•ãæµ…ããªã£ã¦ã„ã¾ã™ã€‚ã¨ã„ã£ã¦ã‚‚ã€å¯¸èƒ´ã‚¿ã‚¤ãƒ—ã®ãƒ©ã‚¤ãƒˆã¨ã¯é•ã£ã¦ã€490mã‚‚é£›ã°ã™ã“ã¨ãŒå¯èƒ½ã§ã™ã€‚

LD75Cã«ã¯æ“ä½œãƒœã‚¿ãƒ³ãŒç­ä½“ã‚µã‚¤ãƒ‰ã«3å€‹ã‚ã‚Šã¾ã™ã€‚TK75ã®2ãƒœã‚¿ãƒ³ã«ã‚«ãƒ©ãƒ¼LEDç”¨ã®ãƒœã‚¿ãƒ³ã‚’ã‚‚ã†ä¸€ã¤è¿½åŠ ã—ãŸå½¢ã§ã™ã€‚ãã—ã¦ã‚«ãƒ©ãƒ¼LEDã¨ç™½è‰²4*LEDã¯å®Œå…¨ã«ç‹¬ç«‹ã—ã¦æ“ä½œãŒå¯èƒ½ã§ã™ã€‚
ã‚«ãƒ©ãƒ¼LEDã¯ã€ãƒœã‚¿ãƒ³é•·æŠ¼ã—ã§ONã§ã™ãŒã€ãã®å¾Œã¯ãƒ¯ãƒ³ã‚¯ãƒªãƒƒã‚¯ã§ã€ä»¥ä¸‹ã®ã‚ˆã†ã«åˆ‡ã‚Šæ›¿ã‚ã‚Šã¾ã™ã€‚ãƒœã‚¿ãƒ³é•·æŠ¼ã—ã§OFF(æ¶ˆç¯)ã§ã™ã€‚
é’â†’ç·‘â†’èµ¤â†’ç™½â†’èµ¤ãƒ•ãƒ©ãƒƒã‚·ãƒ¥â†’èµ¤é’äº¤äº’ãƒ•ãƒ©ãƒƒã‚·ãƒ¥â†’é’â†’ç·‘â†’ãƒ»ãƒ»ãƒ»

ä¾‹ãˆã°ç™½è‰²4*LEDã¨èµ¤ã‚’åŒæ™‚ã«ç‚¹ç¯ã—ãŸã‚Šã™ã‚‹ã“ã¨ãŒå¯èƒ½ã§ã™ï¼ˆè¤‡æ•°é‹ç”¨æ™‚ã®LD75Cã®è­˜åˆ¥ã«ä½¿ãˆãã†ã§ã™ï¼‰ã€‚ã¡ãªã¿ã«ç™½è‰²4*LEDã¯MAX4000lmã§ã™ãŒã€ã‚«ãƒ©ãƒ¼LEDå´ã®ç™½è‰²ãŒ200lmãªã®ã§ã€åŒæ™‚ã«ç‚¹ç¯ã•ã›ã‚‹ã¨ã€4200lmã«ãªã‚Šã¾ã™ã€‚
é…å…‰ãƒ‘ã‚¿ãƒ¼ãƒ³ã¯TK75ã¨ä¼¼ã¦ã„ã¾ã™ãŒã€ã‚¹ãƒãƒƒãƒˆã®ç¯„å›²ãŒã‚„ã‚„åºƒã„ã§ã™ã€‚é æ–¹ã‚‚ãã“ãã“ç…§ã‚‰ã—ã¾ã™ã€‚ã„ã¤ã‚‚ãƒ†ã‚¹ãƒˆã—ã¦ã„ã‚‹200mç¨‹åº¦å…ˆã¸ã®ç…§å°„ã¯ä¸‹æ‰‹ãªé æ–¹ç…§å°„ãƒ©ã‚¤ãƒˆã‚ˆã‚Šæ˜ã‚‹ã„ã§ã™ã€‚æ¯”è¼ƒãŒé›£ã—ã„ã§ã™ãŒã€ä¾‹ãˆã°ThruNite TN31(700ï½ï¼‰ã¨æ¯”ã¹ã‚‹ã¨ã€æ˜ã‚‹ã•ã¯TN31ã§ã™ãŒã€è¦‹æ˜“ã•ã¯ã‚ˆã‚Šåºƒç¯„å›²ã‚’ç…§ã‚‰ã™LD75Cã®æ–¹ã§ã™ã€‚ã“ã‚Œä»¥ä¸Šã®è·é›¢ã«ãªã‚‹ã¨TN31ã®æ–¹ãŒæ˜ã‚‹ã„ã®ã§ã™ãŒã€ç§ã®è¦–åŠ›ã§ã¯ã©ã†ã§ã‚‚è‰¯ã„è·é›¢ï¼ˆè­˜åˆ¥ã§ããªã„ï¼‰ã§ã™ã€‚
å‘¨è¾ºã¯TK75ã«æ¯”ã¹åºƒãŒã£ã¦ã„ã¾ã™ã€‚ã—ã‹ã—ã€TK75ã‚‚ãã†ã§ã™ãŒã€4*LEDã®ãŸã‚ã€é…å…‰ã®å½¢ã¯ãŠèŠ±ï¼ˆã‚‚ã—ãã¯å››è‘‰ã®ã‚¯ãƒ­ãƒ¼ãƒãƒ¼ï¼‰å½¢ã§ã‚ã‚Šã€å‘¨è¾ºã®é…å…‰ã«ã¯ã‹ãªã‚Šãƒ ãƒ©ãŒã‚ã‚Šã¾ã™ã€‚

ã‚µã‚¤ã‚ºã€é‡ã•ã¯ã€WEBãƒšãƒ¼ã‚¸ï¼ˆFenixlight.com)ã§ã¯ã‚³ãƒ³ãƒ‘ã‚¯ãƒˆã ã¨åŠ›èª¬ã—ã¦ã¾ã™ãŒã€ç§çš„ã«ã¯ååˆ†å¤§ãã„éƒ¨é¡ã®ãƒ©ã‚¤ãƒˆã§ã™ï¼ˆé›»æ± è¾¼ã¿ã§610gå®Ÿæ¸¬å€¤ï¼‰ã€‚ç§ã¯ãƒ•ãƒ©ãƒƒã‚·ãƒ¥ãƒ©ã‚¤ãƒˆã¨ã„ã†ã¨å˜ä¸‰é›»æ± ãƒ™ãƒ¼ã‚¹ã®ãƒ¢ãƒã‚’ã¾ãšé€£æƒ³ã—ã¦ã—ã¾ã†ãŸã‚ã€é›»æ± è¾¼ã¿é‡é‡600gã¯ã‚„ã¯ã‚Šé‡ã„ã§ã™ã€‚å®Ÿéš›ã«LD75Cã‚’ç‰‡æ‰‹ã«30åˆ†ã‚‚æ­©ãã¨ã¨æ‰‹ãŒã‹ãªã‚Šç–²ã‚Œã¦ã—ã¾ã„ã¾ã™ã€‚TK75ã®æ§˜ã«ã‚·ãƒ§ãƒ«ãƒ€ãƒ¼ãƒ™ãƒ«ãƒˆãŒæ¬²ã—ã„ã§ã™ã€‚
ä»˜å±ã®ãƒ›ãƒ«ã‚¹ã‚¿ãƒ¼ã¯ã€LD75Cã®å…¨é•·ã«æ¯”ã¹ã€æ ¼ç´éƒ¨åˆ†ãŒã¡ã‚‡ã£ã¨çŸ­ã„æ§˜ã«æ€ãˆã¾ã™ã€‚ã—ãŸãŒã£ã¦ã€ãƒã‚¸ãƒƒã‚¯ãƒ†ãƒ¼ãƒ—ã§è“‹ã‚’ãã¡ã‚“ã¨æ­¢ã‚ãªã„ã¨è„±è½ã®æã‚Œã•ãˆã‚ã‚Šã¾ã™ã€‚

è‰¯ã„æ‰€ï¼š
ãã“ãã“å¤§æŸ„ãªãƒ©ã‚¤ãƒˆã ãŒã€TK75ã‚’è¦‹ãŸå¾Œã ã¨ã€ã¨ã¦ã‚‚å°ã•ãè¦‹ãˆã¦ãã‚‹ã€‚
è¿‘è·é›¢ã‹ã‚‰ã‚ã‚‹ç¨‹åº¦ã®é è·é›¢ã‚‚ã“ãªã™é…å…‰ã€‚
è‰²LEDã¯ã‚¢ã‚¤ãƒ‡ã‚£ã‚¢æ¬¡ç¬¬ã§ã¯ã„ã‚ã„ã‚ä½¿ãˆã‚‹ã€‚
è‰²LEDæ©Ÿèƒ½ãŒãªãã¦ã‚‚ååˆ†å®Ÿç”¨çš„ãªãƒ©ã‚¤ãƒˆã€‚

å¼±ã„æ‰€ï¼š
TK75ã®ã‚ˆã†ã«ä¸‰è„šå°ç©´ãŒæ¬²ã—ã„ã€‚
ã‚·ãƒ§ãƒ«ãƒ€ãƒ¼ãƒ™ãƒ«ãƒˆãŒæ¬²ã—ããªã‚‹é‡ã•ã ã¨æ€ã†ã€‚
ãƒœã‚¿ãƒ³é•·æŠ¼ã—ON/OFFã¯æ…£ã‚Œã‚‹ã®ã«æ™‚é–“ãŒã‹ã‹ã‚‹ã€‚
å‘¨è¾ºéƒ¨ã®é…å…‰ã¯ãƒ ãƒ©ãŒé…·ãæ±šã„ã€‚ã‚‚ã†å°‘ã—å‡ä¸€ãªå‘¨è¾ºå…‰ã«ãªã‚‰ãªã„ã®ã ã‚ã†ã‹ï¼Ÿ
è‰²LEDã¯ä¸€ä½“ä½•ã«ä½¿ãˆã°ã„ã„ã‚“ã ï¼Ÿ

çµè«–ï¼š
LD75Cã¯åŒç¤¾ã®TK75ã«æ¯”ã¹ä¸€å›ã‚Šå°ã•ã100gä»¥ä¸Šè»½ã„ã€‚LD75Cã«ã¯ã‚«ãƒ©ãƒ¼LEDãŒè£…å‚™ã•ã‚Œã¦ã„ã‚‹ãŒã€ãã‚Œä»¥å¤–ã¯ã“ã®äºŒã¤ã¯è‰¯ãä¼¼ãŸä»•æ§˜ã§ã‚ã‚‹ã€‚TK75ã¯è€ä¹…æ€§ãƒ»é ‘ä¸ˆæ€§ã«ã‚¢ãƒ‰ãƒãƒ³ãƒ†ãƒ¼ã‚¸ã‚’æŒã¤æ•…ã«ã‚ã‚Œã»ã©ã®ã‚µã‚¤ã‚ºã¨é‡ã•ãªã®ã ã‚ã†ã€‚ã—ã‹ã—ã€LD75Cã‚‚ã€2mã¾ã§ã®é˜²æ°´ã¨1mã‹ã‚‰è½ä¸‹ã—ã¦ã‚‚å¤§ä¸ˆå¤«ãªãƒœãƒ‡ã‚£ãƒ¼ã‚’æŒã£ã¦ã„ã‚‹ã€‚æ™®é€šã«ä½¿ã†ã«ã¯LD75Cã§ååˆ†ã ã¨æ€ã†ã€‚
Fenix TK75ã¯ã€Nitecore TM16ã¨ã‚ˆãæ¯”è¼ƒã•ã‚Œã‚‹ãŒã€ãƒ©ãƒ³ã‚¿ã‚¤ãƒ ã§ã¯Fenixã®åœ§å‹ã§ã‚ã‚‹ã€‚ãã®Fenix TK75ã‚’æœ‰ã‚‹æ„å‘³ä¸Šå›ã‚‹ã‚¹ãƒšãƒƒã‚¯ã¨å®Ÿç”¨æ€§ã‚’æŒã¤ã®ãŒã“ã®LD75Cã§ã‚ã‚‹ã€‚
ï¼´ï¼«ï¼—ï¼•ã‚ˆã‚Šã¯ç…§å°„ç¯„å›²ã‚‚åºƒãã€è¿‘è·é›¢ã‹ã‚‰ã‚ã‚‹ç¨‹åº¦ã®é è·é›¢ã¾ã§ãã¤ãªãã“ãªã™äº‹ã®ã§ãã‚‹ãƒ©ã‚¤ãƒˆã§ã‚ã‚‹ã€‚ã‚ˆã‚Šå³ã—ã„ç’°å¢ƒã§ä½¿ã†ã®ã§ã‚ã‚Œã°ï¼´ï¼«ï¼—ï¼•ã‚’é¸ã¹ã°ã‚ˆã„ã€‚",japan,"October 26, 2015",ç‰©è‰¯ãäºº,5.0,0,2020-11-12 11:28:56.768528,2020-11-12 11:28:56.890201,Fenix LD75C LED Flashlight - with CREE XM-L2 U2 LED - 4200 lumens - Uses 4 x 18650 or 8 LD75CL2BK,4.5,,,Tools & Home Improvement,B00DDC1QAU,,"#550,092 in Tools & Home Improvement (See Top 100 in Tools & Home Improvement)
#4,656 in Handheld Flashlights",https://images-na.ssl-images-amazon.com/images/I/71WzJqYQlLL._AC_SX355_.jpg
19,R1XG9M7DUJAZFP,True,Wahnsinns-Lampe,"Diese Lampe bietet ein ideales VeerhÃ¤ltnis von Nah- und Fernwikrung des Lichtes, da Flood und Throw ideal miteinander kombiniert sind. Hohe Reichweite bei gleichzeitig breiter Nahfeldausleuchtung macht diese Lampe zum perfekten Begleiter.
Die LichtstÃ¤rken-Abstufung ist wunderbar von brutal hell bis stark gedimmtes Dauerlicht.
Hinzu kommt, daÃŸ sie ein Ã¼beraus einfaches Bediensystem mitbringt, man sich weder in eine Bedienungsanleitung einlesen, noch irgendwelche Bedienschritte memorieren muss.
Drei Tasten fÃ¼r sehr simple Nutzung, dazu farbiges (helles) LED-Licht, mehr Taschenlampe braucht eigentlich kein Mensch.",germany,"July 31, 2015",Cavolo,5.0,0,2020-11-12 11:28:56.894190,2020-11-12 11:28:57.014869,Fenix LD75C LED Flashlight - with CREE XM-L2 U2 LED - 4200 lumens - Uses 4 x 18650 or 8 LD75CL2BK,4.5,,,Tools & Home Improvement,B00DDC1QAU,,"#550,092 in Tools & Home Improvement (See Top 100 in Tools & Home Improvement)
#4,656 in Handheld Flashlights",https://images-na.ssl-images-amazon.com/images/I/71WzJqYQlLL._AC_SX355_.jpg
20,R2Y82D3JOY9HQ4,True,viel licht fÃ¼r wenig geld !!!,"Tolle Lampe... Vor allem die Farb Funktion ist eine Klasse sache sehr hell und wunderbare Ausleuchtung... 4200 lumen in so einer relativen kleinen Lampe. Kann sie nur empfehlen :-). Die ist ihr Geld wert...

update. 13.12.15

Lampe lÃ¤uft immer noch wunderbar ;o) war auch schon im Wasser zum testen ob sie wasser dich ist ;o)...",germany,"August 6, 2015",Marco Schubert,5.0,0,2020-11-12 11:28:59.145266,2020-11-12 11:28:59.326012,Fenix LD75C LED Flashlight - with CREE XM-L2 U2 LED - 4200 lumens - Uses 4 x 18650 or 8 LD75CL2BK,4.5,,,Tools & Home Improvement,B00DDC1QAU,,"#550,092 in Tools & Home Improvement (See Top 100 in Tools & Home Improvement)
#4,656 in Handheld Flashlights",https://images-na.ssl-images-amazon.com/images/I/71WzJqYQlLL._AC_SX355_.jpg
21,R1JERXJZU9L3AF,True,I am in love with this flash light,"I am in love with this flash light. You cant imagine how much light this can produce.!!! . I am seeing a small issue with its Switch. Some time you cant increase the intensity level. When i get this issue, i may remove and reinsert the battery.then the flash light will work normally.",india,"November 23, 2015",Bijo Issac,5.0,0,2020-11-12 11:28:59.331000,2020-11-12 11:28:59.458931,Fenix LD75C LED Flashlight - with CREE XM-L2 U2 LED - 4200 lumens - Uses 4 x 18650 or 8 LD75CL2BK,4.5,,,Tools & Home Improvement,B00DDC1QAU,,"#550,092 in Tools & Home Improvement (See Top 100 in Tools & Home Improvement)
#4,656 in Handheld Flashlights",https://images-na.ssl-images-amazon.com/images/I/71WzJqYQlLL._AC_SX355_.jpg
22,R3P3GGWA1J4U4Z,True,SchÃ¶ne Lampe aber verarbeitungsfehler,Sehr gute leuchtkraft.gut verarbeitet. Trotzdem zurÃ¼ck geschickt da nach ca. 10 min sich Kondenswasser in der Lampenscheibe bildet.kenne ich von fenix nicht.,germany,"January 3, 2016",Kai,3.0,0,2020-11-12 11:28:59.463917,2020-11-12 11:28:59.588839,Fenix LD75C LED Flashlight - with CREE XM-L2 U2 LED - 4200 lumens - Uses 4 x 18650 or 8 LD75CL2BK,4.5,,,Tools & Home Improvement,B00DDC1QAU,,"#550,092 in Tools & Home Improvement (See Top 100 in Tools & Home Improvement)
#4,656 in Handheld Flashlights",https://images-na.ssl-images-amazon.com/images/I/71WzJqYQlLL._AC_SX355_.jpg
23,RKZPLICGBW2W,True,Impressive light!!,Another awesome light from Fenix. This is my 4th light of theirs and it just gets better. The price dropped on this beast and I jumped on it. Point it at the ceiling and the whole room lights up like crazy. My wife and kid are thoroughly impressed as well.,the united states,"July 17, 2019",Brett,5.0,0,2020-11-12 11:28:59.594159,2020-11-12 11:28:59.720794,Fenix LD75C LED Flashlight - with CREE XM-L2 U2 LED - 4200 lumens - Uses 4 x 18650 or 8 LD75CL2BK,4.5,,,Tools & Home Improvement,B00DDC1QAU,,"#550,092 in Tools & Home Improvement (See Top 100 in Tools & Home Improvement)
#4,656 in Handheld Flashlights",https://images-na.ssl-images-amazon.com/images/I/71WzJqYQlLL._AC_SX355_.jpg
24,REOI3M40K2E1,True,would not cycle through modes with good battery indication,"Flashlight defective out of the box, would not cycle through modes with good battery indication.
An interesting transaction no receipt/shipping info in or on the box-done with Amazon will pay more for products from a named authorized retailer.
The serial number did indicate it was a genuine Fenix product intended for sale in the U.S.- it did arrive in good condition but with alot of lint on the light and a very minor scratch on the lens, nearly at the edge-had the light worked I would have kept it.
Can't help but to wonder if I was the first to receive this flashlight.

I would have preferred to have given no stars but had to make a selection.

As the saying goes; if the deal seems too good to be true............",the united states,"January 10, 2018",Thomas ,1.0,0,2020-11-12 11:28:59.725959,2020-11-12 11:28:59.852181,Fenix LD75C LED Flashlight - with CREE XM-L2 U2 LED - 4200 lumens - Uses 4 x 18650 or 8 LD75CL2BK,4.5,,,Tools & Home Improvement,B00DDC1QAU,,"#550,092 in Tools & Home Improvement (See Top 100 in Tools & Home Improvement)
#4,656 in Handheld Flashlights",https://images-na.ssl-images-amazon.com/images/I/71WzJqYQlLL._AC_SX355_.jpg
25,R2A13TSDMV8HNK,True,Wonder headlight,My husband purchased this same headlight and said it is by far the best he has ever used. We bought another one as a gift for our adult son who also really likes it.,the united states,"March 29, 2014",s garey,5.0,0,2020-11-12 11:28:59.856169,2020-11-12 11:28:59.997422,Fenix LD75C LED Flashlight - with CREE XM-L2 U2 LED - 4200 lumens - Uses 4 x 18650 or 8 LD75CL2BK,4.5,,,Tools & Home Improvement,B00DDC1QAU,,"#550,092 in Tools & Home Improvement (See Top 100 in Tools & Home Improvement)
#4,656 in Handheld Flashlights",https://images-na.ssl-images-amazon.com/images/I/71WzJqYQlLL._AC_SX355_.jpg
26,R13UXV3MQA8WRC,True,Hell Heller Sch..... bin Blind :-),"Fenix Hat mal wieder ein Wahnsinns Produkt raus Gebracht

Die Color LEDs bringen Ordentlich was rÃ¼ber und Besonders die Blaue Zelle geht leicht in den UV Bereich was recht nÃ¼tzlich ist.
Die Vier Haupt LEDs bringen BÃ¤chtig MÃ¶se licht ins dunkel die Fabtemp. ist auch ok mit um die 4500K fÃ¼r meinen Geschmack kÃ¶nnte sie ein Bissel wÃ¤rmer sein.

Bei Voller Leistung wird der Kopf Bissel warm im Winter ganz angenehm aber Brandsalbe brauch man nicht ^^ der Focus der Lampe ist fÃ¼r die Reflektor GrÃ¶ÃŸe ok ein paar Grad weniger wÃ¤ren aber auch ok gewesen (Hatte zum Test die TK75 2015 Version mit 4000Lm mit) der merkt man die Spot Lastigkeit an sie hat einen sehr engen Kegel mit nur sehr wenig Aura was das erkenne im Randbereich fast unmÃ¶glich macht, dafÃ¼r kann MANN locker nem A380 den weg WeiÃŸen im Direkten Vergleich wÃ¼rde ich die LD75C der TK75/2015 vorziehen da sie insgesamt etwas Besser ausleuchtet und auf die Entfernung immer noch alles gut Erkennen LÃ¤sst.",germany,"October 23, 2015",Pfeiffer Oliver,5.0,0,2020-11-12 11:29:00.003405,2020-11-12 11:29:00.142034,Fenix LD75C LED Flashlight - with CREE XM-L2 U2 LED - 4200 lumens - Uses 4 x 18650 or 8 LD75CL2BK,4.5,,,Tools & Home Improvement,B00DDC1QAU,,"#550,092 in Tools & Home Improvement (See Top 100 in Tools & Home Improvement)
#4,656 in Handheld Flashlights",https://images-na.ssl-images-amazon.com/images/I/71WzJqYQlLL._AC_SX355_.jpg
27,RY7LDHOD64O41,True,"Funktioniert leider nicht, weil ...","Keine Akku im Lieferumfang enthalten = kein Licht! Darum nur einen Stern.
Bei einer Taschenlampe in diesem Preissegment sollten zumindest passende Batterien im Lieferumfang enthalten sein.",germany,"December 14, 2016",R. Scherer,1.0,0,2020-11-12 11:29:00.147021,2020-11-12 11:29:00.261715,Fenix LD75C LED Flashlight - with CREE XM-L2 U2 LED - 4200 lumens - Uses 4 x 18650 or 8 LD75CL2BK,4.5,,,Tools & Home Improvement,B00DDC1QAU,,"#550,092 in Tools & Home Improvement (See Top 100 in Tools & Home Improvement)
#4,656 in Handheld Flashlights",https://images-na.ssl-images-amazon.com/images/I/71WzJqYQlLL._AC_SX355_.jpg
28,R9QMOQZLPL2DQ,True,ğŸ‘,ğŸ‘,india,"October 6, 2019",renju kurian,5.0,0,2020-11-12 11:29:00.265704,2020-11-12 11:29:00.383389,Fenix LD75C LED Flashlight - with CREE XM-L2 U2 LED - 4200 lumens - Uses 4 x 18650 or 8 LD75CL2BK,4.5,,,Tools & Home Improvement,B00DDC1QAU,,"#550,092 in Tools & Home Improvement (See Top 100 in Tools & Home Improvement)
#4,656 in Handheld Flashlights",https://images-na.ssl-images-amazon.com/images/I/71WzJqYQlLL._AC_SX355_.jpg
